{
  "Scalping": {
    "0": 0.2627563304000546,
    "1": 0.2701098856853758
  },
  "Short": {
    "0": 0.3445543570109859,
    "1": 0.34101602414461857
  },
  "Medium": {
    "0": 0.4129809460023998,
    "1": 0.37497904148993527
  },
  "Long": {
    "0": 0.3971573417166193,
    "1": 0.41535728718933773
  }
}